Самара,ПР0068061,"Корм для собак PROLIFE лосось, форель, осетр, чечевица, нут сух.",1598.00,1598.00,True
Самара,ПР0068062,"Корм для собак PROLIFE лосось, форель, осетр, чечевица, нут сух.",5559.00,5559.00,True
Самара,ПР0063614,"Корм для щенков ELATO Holistic для средних и крупных пород, курица, утка сух.",3040.00,3040.00,True
Самара,ПР0069693,Корм для собак LEO&LUCY кролик с тыквой и биодобавками сух.,1698.00,1698.00,True
Самара,ПР0069707,Корм для собак LEO&LUCY кролик с тыквой и биодобавками сух.,4675.00,4675.00,True
Самара,ПР0069980,"Корм для собак ДЕРЕВЕНСКИЕ ЛАКОМСТВА Холистик Премьер для мелких пород, утка с рисом сух.",1050.00,1050.00,True
Самара,ПР0069981,"Корм для собак ДЕРЕВЕНСКИЕ ЛАКОМСТВА Холистик Премьер для мелких пород, утка с рисом сух.",2625.00,2625.00,True
Самара,ПР0070035,"Корм для собак ДЕРЕВЕНСКИЕ ЛАКОМСТВА Холистик Премьер для мелких пород, утка с рисом сух.",5590.00,5590.00,True
Самара,ПР0069984,Корм для щенков ДЕРЕВЕНСКИЕ ЛАКОМСТВА Холистик Премьер курица с рисом сух.,1050.00,1050.00,True
Самара,ПР0069985,Корм для щенков ДЕРЕВЕНСКИЕ ЛАКОМСТВА Холистик Премьер курица с рисом сух.,2625.00,2625.00,True
Самара,ПР0070033,Корм для щенков ДЕРЕВЕНСКИЕ ЛАКОМСТВА Холистик Премьер курица с рисом сух.,5590.00,5590.00,True
Самара,ПР0063615,"Корм для щенков ELATO Holistic для мелких пород, курица, утка сух.",3040.00,3040.00,True
Самара,ПР0068022,"Корм для щенков PROLIFE для крупных пород, курица сух.",998.00,998.00,True
Самара,ПР0060811,Корм для собак PROBIOTIC LIVE лосось сух.,2530.00,2530.00,True
Самара,ПР0070511,"Корм для собак BRIT Care Healthy Skin&Shiny Coat для средних пород, лосось с индейкой сух.",1498.00,1498.00,True
Самара,ПР0070516,"Корм для собак BRIT Care Healthy Skin&Shiny Coat для средних пород, лосось с индейкой сух.",2118.00,2118.00,True
Самара,ПР0072675,"Корм для собак CRAFTIA Natura для миниатюрных и мелких пород, лосось с сельдью сух.",1018.00,1018.00,True
Самара,ПР0072674,"Корм для собак CRAFTIA Natura для миниатюрных и мелких пород, лосось с сельдью сух.",2818.00,2818.00,True
Самара,ПР0072676,"Корм для собак CRAFTIA Natura для миниатюрных и мелких пород, лосось с сельдью сух.",8344.00,8344.00,True
Самара,ПР0069705,"Корм для собак LEO&LUCY для пожилых крупных пород, утка с тыквой и биодобавками сух.",4675.00,4675.00,True
Самара,ПР0069714,"Корм для собак LEO&LUCY для пожилых крупных пород, утка с тыквой и биодобавками сух.",11248.00,11248.00,True
Самара,ПР0069978,"Корм для собак ДЕРЕВЕНСКИЕ ЛАКОМСТВА Холистик Премьер для мелких пород, индейка с рисом сух.",1050.00,1050.00,True
Самара,ПР0069979,"Корм для собак ДЕРЕВЕНСКИЕ ЛАКОМСТВА Холистик Премьер для мелких пород, индейка с рисом сух.",2625.00,2625.00,True
Самара,ПР0070034,"Корм для собак ДЕРЕВЕНСКИЕ ЛАКОМСТВА Холистик Премьер для мелких пород, индейка с рисом сух.",5590.00,5590.00,True
Самара,ПР0063613,"Корм для собак ELATO Holistic для средних и крупных пород, курица, утка сух.",3240.00,3240.00,True
Самара,ПР0032372,"Корм для собак Pedigree для миниатюрных пород, говядина сух.",255.00,255.00,True
Самара,ПР0032374,"Корм для собак Pedigree для миниатюрных пород, говядина сух.",404.00,404.00,True
Самара,ПР0068003,"Корм для собак GOLOSI Complet курица, говядина сух.",748.00,748.00,True
Самара,ПР0071268,"Корм для щенков CRAFTIA Natura для миниатюрных и мелких пород, из курицы и индейки сух.",978.00,978.00,True
Самара,ПР0071267,"Корм для щенков CRAFTIA Natura для миниатюрных и мелких пород, из курицы и индейки сух.",2528.00,2528.00,True
Самара,ПР0037301,Корм для собак BLITZ adult mini &toy breeds для мелких и миниатюрных пород сух.,348.00,348.00,True
Самара,ПР0037302,Корм для собак BLITZ adult mini &toy breeds для мелких и миниатюрных пород сух.,1218.00,1218.00,True
Самара,ПР0072894,"Корм для собак ЗООГУРМАН Ferma Immuno для мелких и средних пород, индейка с кроликом сух.",1310.00,917,True
Самара,ПР0060808,Корм для собак PROBIOTIC LIVE курица сух.,2490.00,2490.00,True
Самара,ПР0070597,"Корм для щенков от 1 мес.,берем.и корм.собак AWARD ягненок с индейкой с доб.яблока и черн. сух.",678.00,678.00,True
Самара,ПР0070514,Корм для собак BRIT Care Sensitive Healthy Digestion индейка с ягненком сух.,1498.00,1498.00,True
Самара,ПР0070515,Корм для собак BRIT Care Sensitive Healthy Digestion индейка с ягненком сух.,2598.00,2208.3,True
Самара,ПР0069610,"Корм для собак DOG&DOG Expert Premium Fit-Maintenance для контроля веса, курица сух.",1598.00,1598.00,True
Самара,ПР0072784,Корм для собак NECON для чувствительного пищеварения с рыбой и рисом сух.,3798.00,2848.5,True
Самара,ПР0072783,Корм для собак NECON для чувствительного пищеварения с рыбой и рисом сух.,11598.00,8698.5,True
Самара,ПР0060814,Корм для собак PROBIOTIC LIVE ягненок сух.,2840.00,2840.00,True
Самара,ПР0060815,Корм для собак PROBIOTIC LIVE ягненок сух.,8490.00,8490.00,True
Самара,ПР0063931,Корм для собак FRAIS Classique Adult Dog Beef говядина сух.,961.00,961.00,True
Самара,ПР0065492,"Корм для щенков PRO DOG для всех пород для здорового роста и энергии, индейка сух.",285.00,285.00,True
Самара,ПР0070594,"Корм для щенков от 1мес,берем.и корм.собак AWARD ср.пород, инд.с курицей, морк. и черн.смор. сух.",1318.00,1318.00,True
Самара,ПР0069164,"Корм для собак BLUENATIVE для мелких пород, лосось сух.",736.00,736.00,True
Самара,ПР0069168,"Корм для собак BLUENATIVE для средних и крупных пород, ягненок сух.",2243.00,2243.00,True
Самара,ПР0045552,Корм для собак NATURE'S TABLE курица с рисом сух.,1238.00,1238.00,True
Самара,ПР0068021,"Корм для щенков PROLIFE для средних пород, курица сух.",998.00,998.00,True
Самара,ПР0055583,"Корм для собак BLITZ Sensitive для мелких пород ягненок, рис сух.",468.00,468.00,True
Самара,ПР0055584,"Корм для собак BLITZ Sensitive для мелких пород ягненок, рис сух.",1598.00,1598.00,True
Самара,ПР0070510,"Корм для щенков и молодых собак BRIT Care Healthy Growth для крупн.пород, индейка с ягненком сух.",2118.00,2118.00,True
Самара,ПР0058905,"Корм для щенков BLITZ Ягненок, рис сух.",468.00,468.00,True
Самара,ПР0060274,"Корм для собак FRAIS Adult Dog Maxi Turkey для крупных и гигантских пород, индейка сух.",6290.00,6290.00,True
Самара,ПР0072792,"Корм для собак NECON с нормальной активностью, с олениной сух.",4498.00,3373.5,True
Самара,ПР0072791,"Корм для собак NECON с нормальной активностью, с олениной сух.",15498.00,11623.5,True
Самара,ПР0070595,"Корм для щенков AWARD от 1 месяца крупных пород, курица и индейкой с доб. тыквы и шиповника сух.",1268.00,1268.00,True
Самара,ПР0072687,"Корм для щенков CRAFTIA Natura для миниатюрных и мелких пород, утка с фазаном сух.",988.00,988.00,True
Самара,ПР0072686,"Корм для щенков CRAFTIA Natura для миниатюрных и мелких пород, утка с фазаном сух.",2758.00,2758.00,True
Самара,ПР0072688,"Корм для щенков CRAFTIA Natura для миниатюрных и мелких пород, утка с фазаном сух.",8008.00,8008.00,True
Самара,ПР0072684,"Корм для щенков CRAFTIA Natura для миниатюрных и мелких пород, лосось с сельдью сух.",1058.00,1058.00,True
Самара,ПР0072683,"Корм для щенков CRAFTIA Natura для миниатюрных и мелких пород, лосось с сельдью сух.",2938.00,2938.00,True
Самара,ПР0072685,"Корм для щенков CRAFTIA Natura для миниатюрных и мелких пород, лосось с сельдью сух.",8678.00,8678.00,True
Самара,ПР0069709,"Корм для собак LEO&LUCY для пожилых, утка с тыквой и биодобавками сух.",4675.00,4675.00,True
Самара,ПР0069695,"Корм для собак LEO&LUCY для пожилых, уткка с тыквой и биодобавками сух.",1698.00,1698.00,True
Самара,ПР0070509,"Корм для щенков и молодых собак BRIT Care Healthy Growth для средн.пород, индейка с уткой сух.",1388.00,1388.00,True
Самара,ПР0072690,"Корм для щенков CRAFTIA Natura для средних и крупных пород, утка с фазаном сух.",998.00,998.00,True
Самара,ПР0072689,"Корм для щенков CRAFTIA Natura для средних и крупных пород, утка с фазаном сух.",2758.00,2758.00,True
Самара,ПР0072691,"Корм для щенков CRAFTIA Natura для средних и крупных пород, утка с фазаном сух.",8008.00,8008.00,True
Самара,ПР0071498,"Корм для собак ДЕРЕВЕНСКИЕ ЛАКОМСТВА Холистик Премьер для средн.и крупн.пород, утка с рисом сух.",2100.00,2100.00,True
Самара,ПР0071499,"Корм для собак ДЕРЕВЕНСКИЕ ЛАКОМСТВА Холистик Премьер для средн.и крупн.пород, утка с рисом сух.",6580.00,6580.00,True
Самара,ПР0069166,"Корм для собак BLUENATIVE для мелких пород, говядина сух.",2243.00,2243.00,True
Самара,ПР0060567,"Корм для собак PERFECT FIT для средних и крупных пород старше одного года, курица сух.",835.00,584.5,True
Самара,ПР0072790,"Корм для собак NECON с низкой или нормальной активностью, со свининой и рисом  сух.",3398.00,2548.5,True
Самара,ПР0072789,"Корм для собак NECON с низкой или нормальной активностью, со свининой и рисом  сух.",12598.00,9448.5,True
Самара,ПР0070623,"Корм для щенков от 1мес,берем.и корм.собак AWARD ягненок с индейкой с доб.яблока и черники сух.",6368.00,6368.00,True
Самара,ПР0055580,Корм для собак BLITZ Classic для крупных и гигантских пород сух.,1218.00,1218.00,True
Самара,ПР0055586,"Корм для собак BLITZ Sensitive ягненок, рис сух.",1568.00,1568.00,True
Самара,ПР0070621,"Корм для щенков от 1мес,берем.и корм.собак AWARD ср.пор., инд. с курицей, морк.и черн.смор. сух.",5958.00,5958.00,True
Самара,ПР0070620,"Корм для щенков от 1мес,берем.и корм.собак AWARD мелк.и мин.пород,ягн.с инд.,брокк. и брусн.сух.",5548.00,5548.00,True
Самара,ПР0058907,"Корм для щенков BLITZ Курица, рис сух.",1348.00,1348.00,True
Самара,ПР0058906,"Корм для собак BLITZ Курица, рис сух.",1298.00,1298.00,True
Самара,ПР0055587,"Корм для собак BLITZ Sensitive индейка, ячмень сух.",1348.00,1348.00,True
Самара,ПР0033478,Корм для щенков EUKANUBA для крупных пород сух.,2138.00,2138.00,True
Самара,ПР0033541,Корм для щенков EUKANUBA для крупных пород сух.,8252.00,8252.00,True
Самара,ПР0035357,Корм для собак ROYAL CANIN Medium Digestive Care для средних пород с чувств.пищеварением сух.,3148.00,3148.00,True
Самара,ПР0074546,Беззерновой корм с живыми пробиотиками для собак GRANDORF Fresh Dog Mini свежее мясо ягненка с бататом для мелких пород сух.,1498.00,1498.00,True
Самара,ПР0074547,Беззерновой корм с живыми пробиотиками для собак GRANDORF Fresh Dog Mini свежее мясо ягненка с бататом для мелких пород сух.,3448.00,3448.00,True
Самара,ПР0074550,Беззерновой корм с живыми пробиотиками для собак GRANDORF Fresh Dog Mini свежее филе лосося с бататом для мелких пород сух.,1498.00,1498.00,True
Самара,ПР0074551,Беззерновой корм с живыми пробиотиками для собак GRANDORF Fresh Dog Mini свежее филе лосося с бататом для мелких пород сух.,3448.00,3448.00,True
Самара,ПР0074560,"Беззерновой корм с живыми пробиотиками для собак GRANDORF Fresh Dog Med&Maxi для ср.и кр.пород, свежее филе лосося с бататом сух.",1498.00,1498.00,True
Самара,ПР0074561,"Беззерновой корм с живыми пробиотиками для собак GRANDORF Fresh Dog Med&Maxi для ср.и кр.пород, свежее филе лосося с бататом сух.",3448.00,3448.00,True
Самара,ПР0074554,"Беззерновой корм с живыми пробиотиками для собак GRANDORF Fresh Dog Med&Maxi для ср.и кр.пород, свежее мясо ягненка с бататом сух.",1498.00,1498.00,True
Самара,ПР0074555,"Беззерновой корм с живыми пробиотиками для собак GRANDORF Fresh Dog Med&Maxi для ср.и кр.пород, свежее мясо ягненка с бататом сух.",3448.00,3448.00,True
Самара,ПР0074548,Беззерновой корм с живыми пробиотиками для собак GRANDORF Fresh Dog Mini свежее мясо индейки с бататом для мелких пород сух.,1498.00,1498.00,True
Самара,ПР0074549,Беззерновой корм с живыми пробиотиками для собак GRANDORF Fresh Dog Mini свежее мясо индейки с бататом для мелких пород сух.,3448.00,3448.00,True
Самара,ПР0074541,Беззерновой корм с живыми пробиотиками для щенков GRANDORF Fresh Dog Свежее мясо ягненка с бататом сух.,3448.00,3448.00,True
Самара,ПР0074563,"Беззерновой корм с живыми пробиотиками для собак GRANDORF Fresh Dog Med&Maxi для ср.и кр.пород, свежее мясо утки с бататом сух.",1498.00,1498.00,True
Самара,ПР0074564,"Беззерновой корм с живыми пробиотиками для собак GRANDORF Fresh Dog Med&Maxi для ср.и кр.пород, свежее мясо утки с бататом сух.",3448.00,3448.00,True
Самара,ПР0074543,Беззерновой корм с живыми пробиотиками для молодых собак GRANDORF Fresh Dog Свежее мясо ягненка с бататом сух.,1498.00,1498.00,True
Самара,ПР0074544,Беззерновой корм с живыми пробиотиками для молодых собак GRANDORF Fresh Dog Свежее мясо ягненка с бататом сух.,3448.00,3448.00,True
Самара,ПР0074552,Беззерновой корм с живыми пробиотиками для собак GRANDORF Fresh Dog Mini свежее мясо утки с бататом для мелких пород сух.,1498.00,1498.00,True
Самара,ПР0074553,Беззерновой корм с живыми пробиотиками для собак GRANDORF Fresh Dog Mini свежее мясо утки с бататом для мелких пород сух.,3448.00,3448.00,True
Самара,ПР0074557,"Беззерновой корм с живыми пробиотиками для собак GRANDORF Fresh Dog Med&Maxi для ср.и кр.пород, свежее мясо индейки с бататом сух.",1498.00,1498.00,True
Самара,ПР0074558,"Беззерновой корм с живыми пробиотиками для собак GRANDORF Fresh Dog Med&Maxi для ср.и кр.пород, свежее мясо индейки с бататом сух.",3448.00,3448.00,True
Самара,ПР0074566,"Беззерновой корм с живыми пробиотиками для собак GRANDORF Fresh Dog Maxi для крупных пород, свежее мясо ягненка с бататом сух.",3448.00,3448.00,True
Самара,ПР0074368,"Корм для щенков BENEFIT Puppy Mini для мелких пород, ягненок с рисом сух.",2688.00,2688.00,True
Самара,ПР0042765,"Корм для собак PRO PLAN для мелких и карликовых пород с чувствит.пищеварением ягненок сух.2,5кг+",2370.00,2370.00,True
Самара,ПР0074373,"Корм для щенков BENEFIT Puppy Large для крупных пород, ягненок с рисом сух.",9608.00,9608.00,True
Самара,ПР0074369,"Корм для щенков BENEFIT Puppy Medium для средних пород, ягненок с рисом сух.",2688.00,2688.00,True
Самара,ПР0074372,"Корм для щенков BENEFIT Puppy Medium для средних пород, ягненок с рисом сух.",9248.00,9248.00,True
Самара,ПР0074370,"Корм для собак BENEFIT Mini для мелких пород, ягненок с рисом сух.",2538.00,2538.00,True
Самара,ПР0074371,"Корм для собак BENEFIT Medium для средних пород, ягненок с рисом сух.",2538.00,2538.00,True
Самара,ПР0074374,"Корм для собак BENEFIT Medium для средних пород, ягненок с рисом сух.",9078.00,9078.00,True
Самара,ПР0069606,Корм для щенков DOG&DOG Expert Premium Great-Progress курица сух.,1898.00,1898.00,True
Самара,ПР0069607,Корм для щенков DOG&DOG Expert Premium Great-Progress курица сух.,6897.00,6897.00,True
Самара,ПР0072908,"Корм для собак ЗООГУРМАН Holistic для мелких и средних пород, ягненок с рубцом и черникой сух.",1440.00,936,True
Самара,ПР0067997,"Корм для щенков GOLOSI для крупных пород, курица сух.",2198.00,2198.00,True
Самара,ПР0072896,"Корм для собак ЗООГУРМАН Ferma Protection для мелких и средних пород, говядина с рубцом сух.",1200.00,840,True
Самара,ПР0069692,Корм для собак LEO&LUCY ягненок с яблоком и биодобавкам сух.,1698.00,1698.00,True
Самара,ПР0072897,"Корм для собак ЗООГУРМАН Ferma High Energy для мелк.и средн.пород, индейка с телят. и ягн. сух.",1200.00,840,True
Самара,ПР0069614,Корм для собак DOG&DOG Expert Premium Top-Fish тунец сух.,2098.00,2098.00,True
Самара,ПР0069615,Корм для собак DOG&DOG Expert Premium Top-Fish тунец сух.,6897.00,6897.00,True
Самара,ПР0072907,"Корм для собак ЗООГУРМАН Holistic для мелких и средних пород, телятина с зеленым горошком сух.",1440.00,936,True
Самара,ПР0072910,"Корм для собак ЗООГУРМАН Holistic для мелких и средних пород, утка с рисом и клюквой сух. сух.",1430.00,929.5,True
Самара,ПР0070512,Корм для собак BRIT Care Sensitive Metabolic морская рыба с индейкой сух.,1498.00,1498.00,True
Самара,ПР0070513,Корм для собак BRIT Care Sensitive Metabolic морская рыба с индейкой сух.,2118.00,2118.00,True
Самара,ПР0069608,"Корм для собак DOG&DOG Expert Premium Super-Power для активных, курица сух.",1898.00,1898.00,True
Самара,ПР0069609,"Корм для собак DOG&DOG Expert Premium Super-Power для активных, курица сух.",6897.00,6897.00,True
Самара,ПР0072909,"Корм для собак ЗООГУРМАН Holistic для мелк.и средн.пород, индейка с картофелем и орегано сух.",1470.00,955.5,True
Самара,ПР0069612,Корм для собак DOG&DOG Expert Premium Opti-Select ягненок сух.,1898.00,1898.00,True
Самара,УТ0016283,"Каша для собак ЧЕТВЕРОНОГИЙ ГУРМАН моментальная Хлопья 4 злака с морковью, 400 г",98.00,98.00,True
Самара,ПР0069163,"Корм для собак BLUENATIVE для мелких пород, утка сух.",759.00,759.00,True
Самара,ПР0073560,"Корм для щенков MONGE Dog BWild Low Grain низкозерновой, из мяса оленя сух.",2629.00,2629.00,True
Самара,ПР0071502,"Корм для собак ДЕРЕВЕНСКИЕ ЛАКОМСТВА Холистик Премьер для ср.и крупн.пород, говядина с рисом сух.",2100.00,2100.00,True
Самара,ПР0071503,"Корм для собак ДЕРЕВЕНСКИЕ ЛАКОМСТВА Холистик Премьер для ср.и крупн.пород, говядина с рисом сух.",6580.00,6580.00,True
Самара,ПР0072788,"Корм для собак NECON для пожилых и для поддержания оптимального веса, со свининой и рисом сух.",3798.00,2848.5,True
Самара,ПР0072787,"Корм для собак NECON для пожилых и для поддержания оптимального веса, со свининой и рисом сух.",10998.00,8248.5,True
Самара,УТ0005591,"Каша для собак ЧЕТВЕРОНОГИЙ ГУРМАН моментальная Хлопья гречневые с морковью, 400 г",219.00,219.00,True
Самара,ПР0072786,Корм для собак NECON с олениной сух.,4198.00,3148.5,True
Самара,ПР0072785,Корм для собак NECON с олениной сух.,12598.00,9448.5,True
Самара,ПР0072776,"Корм для собак NECON Zero Grain беззерновой для чув.пищеварения, с лососем и горохом сух.",5598.00,4198.5,True
Самара,ПР0074375,"Корм для собак BENEFIT Large для крупных пород, ягненок с рисом сух.",9078.00,9078.00,True
Самара,ПР0071496,"Корм для собак ДЕРЕВЕНСКИЕ ЛАКОМСТВА Холистик Премьер для ср.и крупн.пород, индейка с рисом сух.",2100.00,2100.00,True
Самара,ПР0071497,"Корм для собак ДЕРЕВЕНСКИЕ ЛАКОМСТВА Холистик Премьер для ср.и крупн.пород, индейка с рисом сух.",6580.00,6580.00,True
Самара,ПР0069167,"Корм для собак BLUENATIVE для средних и крупных пород, говядина сух.",2243.00,2243.00,True
Самара,ПР0071500,"Корм для собак ДЕРЕВЕНСКИЕ ЛАКОМСТВА Холистик Премьер для ср.и крупн.пород, ягненок с рисом сух.",2100.00,2100.00,True
Самара,ПР0071501,"Корм для собак ДЕРЕВЕНСКИЕ ЛАКОМСТВА Холистик Премьер для ср.и крупн.пород, ягненок с рисом сух.",6580.00,6580.00,True
Самара,ПР0072780,Корм для собак NECON Zero Grain беззерновой с индейкой и горохом сух.,5598.00,4198.5,True
Самара,ПР0072794,"Корм для собак NECON с нормальной активностью, с ягненком и рисом сух.",4498.00,3373.5,True
Самара,ПР0072793,"Корм для собак NECON с нормальной активностью, с ягненком и рисом сух.",15498.00,11623.5,True
Самара,ПР0072782,Корм для собак NECON Zero Grain беззерновой с ягненком и горохом сух.,5598.00,4198.5,True
Самара,ПР0074367,Корм для щенков BENEFIT Multi-Dog курица сух.,868.00,868.00,True
Самара,ПР0072778,Корм для щенков NECON Zero Grain беззерновой с рыбой и горохом сух.,5598.00,4198.5,True
Самара,Т00008806,Корм для собак ROYAL CANIN German Shepherd 24 для породы Немецкая овчарка старше 15 месяцев сух.,2898.00,2898.00,True
Самара,ПР0033063,Корм для собак EUKANUBA для крупных пород сух.,1806.00,1806.00,True
Самара,ПР0012020,"Корм для собак ROYAL CANIN Size Maxi Starter для щенков крупных пород до 2х месяцев,беременных и кормящих сук сух.",11498.00,11498.00,True
Самара,ПР0059824,"Корм для собак BEST DINNER Adult Sensible для мелких пород, ягненок с томатами сух.",2258.00,2258.00,True
Самара,ПР0056361,Корм для собак ROYAL CANIN Size Mini Indoor для мелких пород живущих в помещении сух.,598.00,598.00,True
Самара,Т0023102,Корм для щенков ROYAL CANIN German Shepherd Puppy для породы Немецкая овчарка до 15 месяцев сух.,2914.00,2914.00,True
Самара,ПР0056375,Корм для собак ROYAL CANIN Size Mini Urinary Care для мелких пород сух.,1298.00,1298.00,True
Самара,ПР0059688,"Корм для собак PURINA ONE Adult для средних и крупных пород, с курицей и рисом сух.",1030.00,1030.00,True
Самара,ПР0059687,"Корм для собак PURINA ONE Adult для средних и крупных пород, с говядиной и рисом сух.",1030.00,1030.00,True
Самара,ПР0059690,"Корм для собак PURINA ONE Adult для средних и крупных пород, с говядиной и рисом сух.",2030.00,2030.00,True
Самара,ПР0063560,"Корм для собак Mr.BUFFALO Sensitive для средних и крупных пород, ягненок сух.",1210.00,1210.00,True
Самара,ПР0063561,"Корм для собак Mr.BUFFALO Sensitive для средних и крупных пород, ягненок сух.",6540.00,6540.00,True
Самара,ПР0063780,"Корм для собак BEST DINNER для мелк.пород склонн.к аллергии и пробл.с пищ., утка с картоф. сух.",1212.00,1212.00,True
Самара,ПР0063781,"Корм для собак BEST DINNER для мелк.пород склонн.к аллергии и пробл.с пищ., утка с картоф. сух.",2358.00,2358.00,True
Самара,ПР0061399,"Корм для щенков BEST DINNER Sensible с чувствительным пищеварением, ягненок с ягодами сух.",1258.00,1258.00,True
Самара,ПР0061400,"Корм для щенков BEST DINNER Sensible с чувствительным пищеварением, ягненок с ягодами сух.",2340.00,2340.00,True
Самара,ПР0063554,"Корм для собак Mr.BUFFALO Mini для мелких пород, ягненок сух.",543.00,543.00,True
Самара,ПР0063563,"Корм для собак Mr.BUFFALO Hair & Skin Care для средних и крупных пород, лосось сух.",1210.00,1210.00,True
Самара,ПР0063775,"Корм для собак BEST DINNER для мелк.пород склонн.к аллергии и пробл.с пищ.,телят. с тыквой сух.",1153.00,1153.00,True
Самара,ПР0063559,"Корм для собак Mr.BUFFALO M/L Sensitive для средних и крупных пород, индейка сух.",6540.00,6540.00,True
Самара,ПР0059689,"Корм для щенков PURINA ONE Puppy для средних и крупных пород, с курицей и рисом сух.",1030.00,1030.00,True
Самара,ПР0063773,"Корм для собак BEST DINNER для средних и крупных склонных к аллергии и проблемам с пищеварением, телятина с тыквой сух.",2146.00,2146.00,True
Самара,ПР0065082,Корм для собак SIRIUS говядина с овощами сух.,985.00,985.00,True
Самара,ПР0064538,Корм для собак PURELUXE лосось с горошком сух.,503.00,503.00,True
Самара,ПР0068379,"Корм для собак PRIME EVER Superior для средних и крупных пород, индейка с рисом сух.",629.00,629.00,True
Самара,ПР0069080,"Корм для собак PRIME EVER Superior для маленьких пород до 15 кг, индейка с рисом сух.",639.00,639.00,True
Самара,ПР0069081,"Корм для собак PRIME EVER Superior для маленьких пород до 15 кг, индейка с рисом сух.",1980.00,1980.00,True
Самара,ПР0063681,Корм для собак ЗООГУРМАН Jolly Dog Лосось и рис сух.,985.00,985.00,True
Самара,ПР0065084,Корм для собак SIRIUS мясной рацион сух.,985.00,788,True
Самара,ПР0060566,"Корм для собак PERFECT FIT для мелких и миниатюрных пород старше одного года, курица сух.",655.00,458.5,True
Самара,ПР0063776,"Корм для собак BEST DINNER для мелк.пород склонн.к аллергии и пробл.с пищ.,телятина с тыквой сух.",2187.00,2187.00,True
Самара,ПР0064973,"Каша для собак ЧЕТВЕРОНОГИЙ ГУРМАН моментальная Хлопья гречневые, 3 кг",1748.00,1748.00,True
Самара,ПР0068761,"Корм для собак AJO Dog Medium Adult для средних пород, говядина с гречкой сух.",6050.00,6050.00,True
Самара,ПР0037289,Корм для собак BLITZ turkey & barley all breeds adult с индейкой и ячменем сух.,7348.00,7348.00,True
Самара,ПР0068081,"Корм для собак GRANDORF для мелких пород, ягненок с индейкой сух.",1628.00,1465.2,True
Самара,ПР0066460,"Корм для собак GRANDORF для мелких пород, ягненок с индейкой сух.",3778.00,3400.2,True
Самара,ПР0069257,"Корм для собак GRANDORF для средних и крупных пород, кролик с индейкой сух.",1498.00,1498.00,True
Самара,ПР0068083,"Корм для собак GRANDORF для средних и крупных пород, кролик с индейкой сух.",3778.00,3400.2,True
Самара,ПР0068552,"Корм для собак GRANDORF для средних и крупных пород, кролик с индейкой сух.",7998.00,7998.00,True
Самара,ПР0065631,"Корм для собак GRANDORF для средних и крупных пород, четыре вида мяса сух.",7998.00,7998.00,True
Самара,ПР0068620,"Корм для собак GRANDORF для крупных пород, ягненок с индейкой сух.",7998.00,7998.00,True
Самара,ПР0034053,"Корм для щенков PRO PLAN Opti digest для средних пород с чувствит.пищеварением, с ягненком сух.",1338.00,1338.00,True
Самара,ПР0037545,"Корм для щенков PRO PLAN Opti digest для средних пород с чувствит.пищеварением, с ягненком сух.",2068.00,2068.00,True
Самара,ПР0032629,"Корм для щенков PRO PLAN Opti digest для средних пород с чувствит.пищеварением, с ягненком сух.",7018.00,7018.00,True
Самара,ПР0032625,"Корм для собак PRO PLAN для мелких и карликовых пород с чувствит. пищеварением, ягненок сух.",698.00,698.00,True
Самара,ПР0039631,"Корм для собак PRO PLAN для мелких и карликовых пород с чувствит. пищеварением, ягненок сух.",2258.00,2258.00,True
Самара,ПР0059709,"Корм для собак PRO PLAN для мелких и карликовых пород с чувствит. пищеварением, ягненок сух.",4558.00,4558.00,True
Самара,Т00007806,"Корм для щенков PRO PLAN Opti derma для средних пород с чувствительной кожей, с лососем сух.",2068.00,2068.00,True
Самара,ПР0032630,"Корм для щенков PRO PLAN Opti derma для средних пород с чувствительной кожей, с лососем сух.",7800.00,7800.00,True
Самара,ПР0034051,"Корм для собак PRO PLAN Opti digest для средних пород с чувствит.пищеварением, с ягненком сух.",1278.00,1278.00,True
Самара,ПР0032617,"Корм для собак PRO PLAN Opti digest для средних пород с чувствит.пищеварением, с ягненком сух.",2018.00,2018.00,True
Самара,ПР0032692,"Корм для собак PRO PLAN Opti digest для средних пород с чувствит.пищеварением, с ягненком сух.",7348.00,7348.00,True
Самара,ПР0015465,"Корм для щенков PRO PLAN Opti start для мелких и карликовых пород, с курицей сух.",728.00,728.00,True
Самара,ПР0015501,"Корм для щенков PRO PLAN Opti start для мелких и карликовых пород, с курицей сух.",2368.00,2368.00,True
Самара,ПР0059712,"Корм для щенков PRO PLAN Opti start для мелких и карликовых пород, с курицей сух.",4768.00,4768.00,True
Самара,ПР0031241,"Корм для собак PRO PLAN Duo delice для мелких и карликовых пород, с говядиной сух.",698.00,698.00,True
Самара,ПР0031245,"Корм для собак PRO PLAN Duo delice для мелких и карликовых пород, с говядиной сух.",1898.00,1898.00,True
Самара,Т0031582,"Корм для собак PRO PLAN для мелких и карликовых пород с чувствительной кожей, лосось сух.",788.00,788.00,True
Самара,ПР0015503,"Корм для собак PRO PLAN для мелких и карликовых пород с чувствительной кожей, лосось сух.",2538.00,2538.00,True
Самара,ПР0059708,"Корм для собак PRO PLAN для мелких и карликовых пород с чувствительной кожей, лосось сух.",5088.00,5088.00,True
Самара,Т0055080,"Корм для собак PRO PLAN Opti balance для мелких и карликовых пород, с курицей сух.",698.00,698.00,True
Самара,ПР0015502,"Корм для собак PRO PLAN Opti balance для мелких и карликовых пород, с курицей сух.",2258.00,2258.00,True
Самара,ПР0059707,"Корм для собак PRO PLAN Opti balance для мелких и карликовых пород, с курицей сух.",5250.00,5250.00,True
Самара,ПР0048387,Корм для собак ROYAL CANIN Medium Adult для средних пород от 12 месяцев сух.,2237.00,2237.00,True
Самара,Т00021225,Корм для собак ROYAL CANIN Medium Adult для средних пород от 12 месяцев сух.,10198.00,10198.00,True
Самара,ПР0048388,"Корм для щенков ROYAL CANIN Maxi Puppy для крупных пород до 15 месяцев, сух.",2383.00,2383.00,True
Самара,Т00008743,"Корм для щенков ROYAL CANIN Maxi Puppy для крупных пород до 15 месяцев, сух.",10698.00,10698.00,True
Самара,ПР0048389,Корм для щенков ROYAL CANIN Medium Puppy для средних пород от 2 до 12 месяцев сух.,2399.00,2399.00,True
Самара,Т00008758,Корм для щенков ROYAL CANIN Medium Puppy для средних пород от 2 до 12 месяцев сух.,10198.00,10198.00,True
Самара,Т0043316,Корм для щенков ROYAL CANIN French Bulldog Puppy для породы Французский бульдог до 12 мес. сух.,3072.00,3072.00,True
Самара,ПР0072742,Корм для щенков ROYAL CANIN French Bulldog Puppy для породы Французский бульдог до 12 мес. сух.,8619.00,8619.00,True
Самара,ПР0072568,"Корм для собак MORE для средних и крупных пород, с говядиной сух.",1899.00,1519.2,True
Самара,ПР0072569,"Корм для собак MORE для средних и крупных пород, с говядиной сух.",8900.00,8900.00,True
Самара,ПР0072570,"Корм для собак MORE для средних и крупных пород, с ягненком сух.",1899.00,1519.2,True
Самара,ПР0072571,"Корм для собак MORE для средних и крупных пород, с ягненком сух.",8900.00,8900.00,True
Самара,ПР0072574,"Корм для собак MORE для средних и крупных пород, с кроликом сух.",1899.00,1519.2,True
Самара,ПР0072575,"Корм для собак MORE для средних и крупных пород, с кроликом сух.",8900.00,8900.00,True
Самара,ПР0072558,"Корм для щенков MORE для средних и крупных пород, с кроликом сух.",1899.00,1519.2,True
Самара,ПР0072559,"Корм для щенков MORE для средних и крупных пород, с кроликом сух.",8900.00,8900.00,True
Самара,ПР0066624,Корм для собак GRANDORF Четыре вида мяса для мелких пород сух.,3778.00,3400.2,True
Самара,ПР0069444,"Корм для собак GRANDORF для средних и крупных пород, индейка сух.",1458.00,1458.00,True
Самара,ПР0069445,"Корм для собак GRANDORF для средних и крупных пород, индейка сух.",3398.00,3398.00,True
Самара,ПР0068082,"Корм для собак GRANDORF для средних и крупных пород, индейка сух.",7998.00,7998.00,True
Самара,ПР0069073,"Корм для собак GRANDORF для средних и крупных пород, ягненок с индейкой сух.",1458.00,1458.00,True
Самара,ПР0066188,"Корм для собак GRANDORF для средних и крупных пород, ягненок с индейкой сух.",3778.00,3400.2,True
Самара,ПР0067311,"Корм для собак GRANDORF для средних и крупных пород, ягненок с индейкой сух.",7998.00,7998.00,True
Самара,ПР0069074,"Корм для собак GRANDORF для средних и крупных пород, белая рыба сух.",1458.00,1458.00,True
Самара,ПР0068544,"Корм для собак GRANDORF для средних и крупных пород, белая рыба сух.",3778.00,3400.2,True
Самара,ПР0067298,"Корм для собак GRANDORF для средних и крупных пород, белая рыба сух.",7998.00,7998.00,True
Самара,ПР0068716,"Корм для щенков GRANDORF с 4 месяцев, ягненок с индейкой сух.",7998.00,7998.00,True
Самара,ПР0068615,Корм для щенков GRANDORF ягненок с индейкой сух.,1458.00,1458.00,True
Самара,ПР0068715,Корм для щенков GRANDORF ягненок с индейкой сух.,3398.00,3398.00,True
Самара,ПР0069024,Корм для щенков GRANDORF ягненок с индейкой сух.,7998.00,7998.00,True
Самара,ПР0074039,"Корм для собак GRANDORF Dog для мелких пород, ягнёнок с индейкой сух.",6900.00,6900.00,True
Самара,ПР0067069,"Корм для собак GRANDORF Четыре вида мяса с пробиотиками, для средних и крупных пород сух.",3778.00,3400.2,True
Самара,ПР0037695,Корм для собак MONGE Dog Speciality Mini для мелких пород ягненок с рисом и картофелем сух.,7218.00,7218.00,True
Самара,ПР0068798,"Корм для собак GRANDORF для мелких пород, четыре вида мяса сух.",1668.00,1501.2,True
Самара,ПР0067657,"Корм для собак PREMIER Dog для мелких пород, свежее мясо ягненка с индейкой сух.",928.00,928.00,True
Самара,ПР0067658,"Корм для собак PREMIER Dog для мелких пород, свежее мясо ягненка с индейкой сух.",2198.00,2198.00,True
Самара,ПР0072660,"Корм для собак MONGE Dog PFB Daily Line Maxi 27/12,5 для крупных пород сух.",8990.00,8990.00,True
Самара,ПР0070587,Корм для собак AWARD ягненок с индейкой с добавлением яблока и черники сух.,1348.00,1348.00,True
Самара,ПР0070616,Корм для собак AWARD ягненок с индейкой с добавлением яблока и черники сух.,6088.00,6088.00,True
Самара,ПР0069439,"Корм для молодых собак GRANDORF для средних и крупных пород, ягненок с индейкой сух.",1458.00,1458.00,True
Самара,ПР0069185,"Корм для молодых собак GRANDORF для средних и крупных пород, ягненок с индейкой сух.",3398.00,3398.00,True
Самара,ПР0069186,"Корм для собак GRANDORF для мелких пород, индейка сух.",1629.00,1466.1,True
Самара,ПР0066821,"Корм для собак GRANDORF для мелких пород, индейка сух.",3778.00,3400.2,True
Самара,ПР0072663,Корм для щенков и молодых собак MONGE Dog PFB Speciality 30/18 ягненок с рисом сух.,11990.00,11990.00,True
Самара,ПР0072662,Корм для собак MONGE Dog PFB Speciality Hypo лосось с тунцом сух.,11990.00,11990.00,True
Самара,ПР0070588,"Корм для собак AWARD для крупных пород, курица с индейкой с добавлением тыквы и шиповника сух.",1248.00,1248.00,True
Самара,ПР0070617,"Корм для собак AWARD для крупных пород, курица с индейкой с добавлением тыквы и шиповника сух.",5418.00,5418.00,True
Самара,ПР0070585,"Корм для собак AWARD Hypo белая рыба с добавлением брокколи, сельдерея и семян льна сух.",1638.00,1638.00,True
Самара,ПР0070614,"Корм для собак AWARD Hypo белая рыба с добавлением брокколи, сельдерея и семян льна сух.",7718.00,7718.00,True
Самара,ПР0070591,"Корм для собак AWARD для средних пород, индейка с курицей с доб.моркови и черной смородины сух.",1248.00,1248.00,True
Самара,ПР0070619,"Корм для собак AWARD для средних пород, индейка с курицей с доб.моркови и черной смородины сух.",5418.00,5418.00,True
Самара,ПР0067661,"Корм для собак PREMIER Dog для средний пород, свежее мясо индейки сух.",928.00,928.00,True
Самара,ПР0068309,"Корм для собак PREMIER Dog для средний пород, свежее мясо индейки сух.",2198.00,2198.00,True
Самара,ПР0068310,"Корм для собак PREMIER Dog для средний пород, свежее мясо индейки сух.",5898.00,5898.00,True
Самара,ПР0072665,Корм для собак MONGE Dog PFB Specialty Monoprotein 25/16 ягненок с рисом и картофелем сух.,11990.00,11990.00,True
Самара,ПР0074036,"Корм для собак PREMIER Dog для собак мелких пород, свежее мясо ягненка с индейкой сух.",5300.00,5300.00,True
Самара,ПР0067659,"Корм для собак PREMIER Dog для мелких пород, свежее филе лосося с индейкой сух.",928.00,928.00,True
Самара,ПР0067660,"Корм для собак PREMIER Dog для мелких пород, свежее филе лосося с индейкой сух.",2198.00,2198.00,True
Самара,ПР0068308,"Корм для молодых собак PREMIER Dog для средних и крупных пород, свежее мясо индейки сух.",5898.00,5898.00,True
Самара,ПР0069440,"Корм для собак GRANDORF для крупных пород, ягнёнок с индейкой сух.",3398.00,3398.00,True
Самара,ПР0049079,"Корм для собак PRO PLAN Grain free для средних пород с чувствит.пищеварением, с индейкой сух.",1958.00,1958.00,True
Самара,ПР0067651,Корм для щенков PREMIER Dog Свежее мясо индейки сух.,928.00,928.00,True
Самара,ПР0067652,Корм для щенков PREMIER Dog Свежее мясо индейки сух.,2198.00,2198.00,True
Самара,ПР0068307,Корм для щенков PREMIER Dog Свежее мясо индейки сух.,5898.00,5898.00,True
Самара,ПР0070618,"Корм для собак AWARD для мелких и миниат.пород,ягненок с индейкой с доб.брокколи и брусники сух.",5418.00,5418.00,True
Самара,ПР0067655,"Корм для собак PREMIER Dog для мелких пород, свежее мясо индейки сух.",928.00,928.00,True
Самара,ПР0067656,"Корм для собак PREMIER Dog для мелких пород, свежее мясо индейки сух.",2198.00,2198.00,True
Самара,ПР0036646,Корм для собак MONGE Dog Medium корм для взрослых собак средних пород сух.,2266.00,2266.00,True
Самара,ПР0049078,"Корм для собак PRO PLAN Grain free мелк.и карл.пород с чувствит.пищеварением, с индейкой сух.",828.00,828.00,True
Самара,ПР0049080,"Корм для собак PRO PLAN Grain free мелк.и карл.пород с чувствит.пищеварением, с индейкой сух.",2258.00,2258.00,True
Самара,ПР0049081,"Корм для собак PRO PLAN Grain free мелк.и карл.пород с чувствит.пищеварением, с индейкой сух.",5418.00,5418.00,True
Самара,ПР0072666,Корм для собак MONGE Dog PFB Specialty Monoprotein 26/16 утка с рисом и картофелем сух.,11998.00,11998.00,True
Самара,ПР0069694,"Корм для собак LEO&LUCY для пожилых, индейка с ягодами и биодобавками сух.",1698.00,1698.00,True
Самара,ПР0069708,"Корм для собак LEO&LUCY для пожилых, индейка с ягодами и биодобавками сух.",4675.00,4675.00,True
Самара,ПР0067666,"Корм для собак PREMIER Dog для крупных пород, свежее мясо ягненка с индейкой сух.",2198.00,2198.00,True
Самара,ПР0068313,"Корм для собак PREMIER Dog для крупных пород, свежее мясо ягненка с индейкой сух.",5898.00,5898.00,True
Самара,ПР0061785,"Корм для собак ELATO Holistic для средних и крупных пород, ягненок с олениной сух.",3340.00,3340.00,True
Самара,ПР0062634,"Корм для собак ELATO Holistic для средних и крупных пород, ягненок с олениной сух.",10700.00,10700.00,True
Самара,ПР0068060,"Корм для собак PROLIFE кабан, перепел, фазан, чечевица, нут сух.",5448.00,5448.00,True
Самара,ПР0051921,Корм для собак MONGE BWild Grain Free беззерновой мясо ягненка с картофелем и горохом сух.,3119.00,3119.00,True
Самара,ПР0069702,"Корм для собак LEO&LUCY для средних пород, кролик с тыквой и биодобавками сух.",4675.00,4675.00,True
Самара,ПР0069710,"Корм для собак LEO&LUCY для средних пород, кролик с тыквой и биодобавками сух.",11248.00,11248.00,True
Самара,ПР0051919,Корм для щенков MONGE BWild Grain Free беззерновой мясо утки с картофелем сух.,3410.00,3410.00,True
Самара,ПР0071259,"Корм для собак CRAFTIA Natura для средних и крупных пород, из лосося и сельди сух.",968.00,968.00,True
Самара,ПР0071258,"Корм для собак CRAFTIA Natura для средних и крупных пород, из лосося и сельди сух.",2668.00,2668.00,True
Самара,ПР0071260,"Корм для собак CRAFTIA Natura для средних и крупных пород, из лосося и сельди сух.",7728.00,7728.00,True
Самара,ПР0070586,Корм для собак AWARD говядина с курицей с добавлением брокколи и черники сух.,1348.00,1348.00,True
Самара,ПР0070615,Корм для собак AWARD говядина с курицей с добавлением брокколи и черники сух.,6088.00,6088.00,True
Самара,Т00007788,"Корм для собак PRO PLAN Opti balance для средних пород, с курицей сух.",1828.00,1828.00,True
Самара,Т00007830,"Корм для собак PRO PLAN Opti derma для средних пород с чувствительной кожей, с лососем сух.",2158.00,2158.00,True
Самара,ПР0032691,"Корм для собак PRO PLAN Opti derma для средних пород с чувствительной кожей, с лососем сух.",7888.00,7888.00,True
Самара,ПР0067653,"Корм для собак PREMIER Dog для молодых средних и крупных пород, свежее мясо индейки сух.",928.00,928.00,True
Самара,ПР0067654,"Корм для собак PREMIER Dog для молодых средних и крупных пород, свежее мясо индейки сух.",2198.00,2198.00,True
Самара,ПР0069025,"Корм для собак GRANDORF для средних и крупных пород, утка с индейкой сух.",1498.00,1498.00,True
Самара,ПР0066461,"Корм для собак GRANDORF для средних и крупных пород, утка с индейкой сух.",3778.00,3400.2,True
Самара,ПР0067299,"Корм для собак GRANDORF для средних и крупных пород, утка с индейкой сух.",7998.00,7998.00,True
Самара,ПР0069703,"Корм для собак LEO&LUCY для средних пород, ягненок с травами и биодобавками сух.",4675.00,4675.00,True
Самара,ПР0069712,"Корм для собак LEO&LUCY для средних пород, ягненок с травами и биодобавками сух.",11248.00,11248.00,True
Самара,Т00008771,Корм для собак ROYAL CANIN Yorkshire Terrier Adult для породы йоркширский терьер от 10 мес. сух.,592.00,592.00,True
Самара,Т00008772,Корм для собак ROYAL CANIN Yorkshire Terrier Adult для породы йоркширский терьер от 10 мес. сух.,1591.00,1591.00,True
Самара,ПР0062633,"Корм для собак ELATO Holistic для средних и крупных пород, курица с уткой сух.",10700.00,10700.00,True
Самара,ПР0065131,"Корм для собак GRANDORF для крупных пород, индейка с рисом сух.",3398.00,3398.00,True
Самара,ПР0072624,"Корм для собак CRAFTIA для средних пород, ягненок с перепелкой сух. 640гх2 1+1 НАБОР",902.00,902.00,True
Самара,ПР0069706,Корм для собак LEO&LUCY ягненкок с яблоком и биодобавкам сух.,4675.00,4675.00,True
Самара,ПР0072572,"Корм для собак MORE для средних и крупных пород, с рыбой сух.",1899.00,1519.2,True
Самара,ПР0072573,"Корм для собак MORE для средних и крупных пород, с рыбой сух.",8900.00,8900.00,True
Самара,ПР0065498,"Корм для собак PRO DOG для средних пород с чувствительным пищеварением, ягненок сух.",1274.00,1274.00,True
Самара,ПР0065502,"Корм для собак PRO DOG для средних пород с чувствительным пищеварением, ягненок сух.",4784.00,4784.00,True
Самара,Т0043012,Корм для собак ROYAL CANIN French Bulldog 26 для породы Французский бульдог старше 12 месяцев сух.,2954.00,2954.00,True
Самара,ПР0070622,"Корм для щенков AWARD от 1 месяца крупных пород, курица с индейкой с доб.тыквы и шиповника сух.",5548.00,5548.00,True
Самара,Т0023950,"Корм для собак PRO PLAN для средних и крупных пород 7 лет c чувствительной кожей, лосось сух.",2858.00,2858.00,True
Самара,ПР0071262,"Корм для собак CRAFTIA Natura для средних и крупных пород, из утки с фазаном сух.",938.00,938.00,True
Самара,ПР0071261,"Корм для собак CRAFTIA Natura для средних и крупных пород, из утки с фазаном сух.",2628.00,2628.00,True
Самара,ПР0071263,"Корм для собак CRAFTIA Natura для средних и крупных пород, из утки с фазаном сух.",7558.00,7558.00,True
Самара,ПР0072681,"Корм для собак CRAFTIA Natura для миниатюрных и мелких пород, ягненок с перепелкой сух.",958.00,958.00,True
Самара,ПР0072680,"Корм для собак CRAFTIA Natura для миниатюрных и мелких пород, ягненок с перепелкой сух.",2598.00,2598.00,True
Самара,ПР0072682,"Корм для собак CRAFTIA Natura для миниатюрных и мелких пород, ягненок с перепелкой сух.",7750.00,7750.00,True
Самара,ПР0042529,"Корм для собак PRO PLAN Opti digest для крупн.пород мощн.телослож. с чув.пищ., с ягненком сух.",9168.00,9168.00,True
Самара,ПР0070596,"Корм для щенков от 1 мес.,берем.и корм.собак AWARD ягненок с индейкой с доб.яблока и черники сух.",1398.00,1398.00,True
Самара,ПР0052028,Корм для собак GRANDORF Индейка с рисом сух.,1458.00,1458.00,True
Самара,ПР0015462,Корм для щенков PRO PLAN для мелких и карликовых пород с чувст. кожей лосось сух.,2368.00,2368.00,True
Самара,ПР0055582,"Корм для щенков BLITZ Sesitive ягненок, рис сух.",1398.00,1398.00,True
Самара,ПР0016272,Корм для собак ROYAL CANIN Mini Adult для мелких пород от 10 месяцев сух.,712.00,712.00,True
Самара,Т00008770,Корм для собак ROYAL CANIN Mini Adult для мелких пород от 10 месяцев сух.,1848.00,1848.00,True
Самара,ПР0017183,Корм для собак ROYAL CANIN Mini Adult для мелких пород от 10 месяцев сух.,3448.00,3448.00,True
Самара,ПР0017167,Корм для щенков ROYAL CANIN X-Small Puppy для миниатюрных пород до 10мес. сух.,556.00,556.00,True
Самара,ПР0017168,Корм для щенков ROYAL CANIN X-Small Puppy для миниатюрных пород до 10мес. сух.,1515.00,1515.00,True
Самара,ПР0017169,Корм для щенков ROYAL CANIN X-Small Puppy для миниатюрных пород до 10мес. сух.,2957.00,2957.00,True
Самара,ПР0017170,Корм для собак ROYAL CANIN Size X-Small Adult для миниатюрных пород от 10 месяцев до 8 лет сух.,479.00,479.00,True
Самара,ПР0017171,Корм для собак ROYAL CANIN Size X-Small Adult для миниатюрных пород от 10 месяцев до 8 лет сух.,1421.00,1421.00,True
Самара,ПР0017172,Корм для собак ROYAL CANIN Size X-Small Adult для миниатюрных пород от 10 месяцев до 8 лет сух.,2744.00,2744.00,True
Самара,ПР0051753,Корм для собак ROYAL CANIN Pomeranian для породы Померанский шпиц старше 8 месяцев сух.,559.00,559.00,True
Самара,ПР0051754,Корм для собак ROYAL CANIN Pomeranian для породы Померанский шпиц старше 8 месяцев сух.,1630.00,1630.00,True
Самара,ПР0050014,Корм для собак ROYAL CANIN Mini Digestive\Sensible Care сух.,1265.00,1265.00,True
Самара,ПР0050015,Корм для собак ROYAL CANIN Mini Digestive\Sensible Care сух.,3365.00,3365.00,True
Самара,ПР0048386,"Корм для собак ROYAL CANIN Maxi Adult для крупных пород от 15 месяцев до 5 лет, сух.",2266.00,2266.00,True
Самара,Т00008726,"Корм для собак ROYAL CANIN Maxi Adult для крупных пород от 15 месяцев до 5 лет, сух.",9998.00,9998.00,True
Самара,Т0031577,Корм для собак ROYAL CANIN Chihuahua Adult для породы чихуахуа от 8 месяцев сух.,604.00,604.00,True
Самара,Т0031578,Корм для собак ROYAL CANIN Chihuahua Adult для породы чихуахуа от 8 месяцев сух.,1720.00,1720.00,True
Самара,ПР0067958,"Корм для собак PRO PLAN Acti Protect с чувствительным пищеварением, ягненок сух.",2747.00,2747.00,True
Самара,ПР0067958*4,"Корм для собак PRO PLAN Acti Protect с чувствительным пищеварением, ягненок сух.",10988.00,10988.00,True
Самара,Т00008742,Корм для щенков ROYAL CANIN Giant Puppy для гигантских пород до 8 месяцев сух.,2531.00,2531.00,True
Самара,Т0041952,Корм для щенков ROYAL CANIN Chihuahua Puppy для породы Чихуахуа до 8 месяцев сух.,642.00,642.00,True
Самара,Т0043317,Корм для щенков ROYAL CANIN Chihuahua Puppy для породы Чихуахуа до 8 месяцев сух.,1795.00,1795.00,True
Самара,ПР0033064,Корм для собак EUKANUBA для мелких пород сух.,648.00,648.00,True
Самара,Т00001279,Корм для собак EUKANUBA для мелких пород сух.,2263.00,2263.00,True
Самара,Т0038504,Корм для собак EUKANUBA для мелких пород сух.,9783.00,9783.00,True
Самара,ПР0067957,"Корм для щенков PRO PLAN Acti Protect для мелких и карликовых пород с чув.пищевар., ягненок сух.",3347.00,3347.00,True
Самара,ПР0067957*4,"Корм для щенков PRO PLAN Acti Protect для мелких и карликовых пород с чув.пищевар., ягненок сух.",13388.00,13388.00,True
Самара,Т00007799,"Корм для щенков PRO PLAN Opti start для средних пород, с курицей сух.",2158.00,2158.00,True
Самара,ПР0059706,"Корм для щенков PRO PLAN Opti start для средних пород, с курицей сух.",7018.00,7018.00,True
Самара,ПР0067961,"Корм для щенков PRO PLAN Acti Protect с чувствительным пищеварением, ягненок сух.",2747.00,2747.00,True
Самара,ПР0067961*4,"Корм для щенков PRO PLAN Acti Protect с чувствительным пищеварением, ягненок сух.",10988.00,10988.00,True
Самара,ПР0017179,Корм для щенков ROYAL CANIN Mini Puppy для мелких пород с 2 до 10 месяцев сух.,767.00,767.00,True
Самара,ПР0017181,Корм для щенков ROYAL CANIN Mini Puppy для мелких пород с 2 до 10 месяцев сух.,1783.00,1783.00,True
Самара,ПР0056349,Корм для щенков ROYAL CANIN Mini Puppy для мелких пород с 2 до 10 месяцев сух.,3635.00,3635.00,True
Самара,ПР0067960,"Корм для собак PRO PLAN Acti Protect для мелких и карликовых пород с чувствит.кожей, лосось сух.",3528.00,3528.00,True
Самара,ПР0067960*4,"Корм для собак PRO PLAN Acti Protect для мелких и карликовых пород с чувствит.кожей, лосось сух.",14112.00,14112.00,True
Самара,ПР0008689,"Корм для щенков, беременных и кормящих собак ROYAL CANIN Starter Mother&Babydog Mini для мелких пород сух.",1110.00,1110.00,True
Самара,ПР0008690,"Корм для щенков, беременных и кормящих собак ROYAL CANIN Starter Mother&Babydog Mini для мелких пород сух.",2935.00,2935.00,True
Самара,Т00008750,Корм для собак ROYAL CANIN Size Maxi Adult 5+ для крупных пород старше 5 лет сух.,3253.00,3253.00,True
Самара,Т00008752,Корм для собак ROYAL CANIN Size Maxi Adult 5+ для крупных пород старше 5 лет сух.,10598.00,10598.00,True
Самара,ПР0069441,"Корм для собак GRANDORF  для средних и крупных пород, 4 мяса с пробиотиками сух.",1498.00,1498.00,True
Самара,ПР0051755,Корм для собак ROYAL CANIN Yorkshire Terrier для породы Йоркширский терьер старше 8 лет сух.,668.00,668.00,True
Самара,ПР0069140,Корм для собак ROYAL CANIN Maxi Digestive Care для крупных пород с чувств. Пищеварением сух.,11348.00,11348.00,True
Самара,ПР0033061,Корм для щенков EUKANUBA для средних пород сух.,560.00,560.00,True
Самара,ПР0033174,Корм для щенков EUKANUBA для средних пород сух.,2198.00,2198.00,True
Самара,Т00001243,Корм для щенков EUKANUBA для средних пород сух.,8456.00,8456.00,True
Самара,ПР0015460,"Корм для щенков PRO PLAN Opti derma для мелк.и карлик.пород с чувствит.кожей, с лососем сух.",728.00,728.00,True
Самара,ПР0058466,Корм для щенков PRO PLAN Беззерновой для средн. и крупн.пород с чувствит.пищевар. индейка сух.,7800.00,7800.00,True
Самара,Т00008734,Корм для собак ROYAL CANIN Size Giant Adult для гигантских пород старше 18 месяцев сух.,2748.00,2748.00,True
Самара,Т00008732,Корм для собак ROYAL CANIN Size Giant Adult для гигантских пород старше 18 месяцев сух.,9448.00,9448.00,True
Самара,Т00001277,Корм для собак EUKANUBA для средних пород сух.,1998.00,1998.00,True
Самара,ПР0056371,Корм для собак ROYAL CANIN Mini Dermacomfort для мелких пород при раздражениях кожи сух.,1265.00,1265.00,True
Самара,ПР0056372,Корм для собак ROYAL CANIN Mini Dermacomfort для мелких пород при раздражениях кожи сух.,3422.00,3422.00,True
Самара,ПР0056377,Корм для собак ROYAL CANIN Size Mini Dental мелких пород предрасположенных к образованию зубн.камня сух.,1218.00,1218.00,True
Самара,ПР0033060,Корм для щенков EUKANUBA Puppy Small Breed для мелких пород сух.,688.00,688.00,True
Самара,Т0040695,Корм для собак CHAPPI Говядина сух.,159.00,159.00,True
Самара,Т00007567,Корм для собак CHAPPI Говядина сух.,628.00,628.00,True
Самара,ПР0019077,Корм для собак ROYAL CANIN Size Maxi Ageing для крупных пород старше 8 лет сух.,2548.00,2548.00,True
Самара,ПР0019078,Корм для собак ROYAL CANIN Size Maxi Ageing для крупных пород старше 8 лет сух.,10798.00,10798.00,True
Самара,Т0038800,Корм для собак ROYAL CANIN Pug Adult сухой для породы мопс от 10 месяцев сух.,611.00,611.00,True
Самара,Т0038801,Корм для собак ROYAL CANIN Pug Adult сухой для породы мопс от 10 месяцев сух.,1687.00,1687.00,True
Самара,Т00008761,Корм для собак ROYAL CANIN Medium Adult 7+ для средних пород от 7 лет сух. 4 кг,3272.00,3272.00,True
Самара,Т00008764,Корм для собак ROYAL CANIN Medium Adult 7+ для средних пород от 7 лет сух. 4 кг,10598.00,10598.00,True
Самара,Т0036336,Корм для щенков ROYAL CANIN Yorkshire Terrier Puppy для породы йоркширский терьер до 10 мес. сух.,642.00,642.00,True
Самара,Т0036608,Корм для щенков ROYAL CANIN Yorkshire Terrier Puppy для породы йоркширский терьер до 10 мес. сух.,1795.00,1795.00,True
Самара,Т0023099,Корм для щенков ROYAL CANIN Labrador Retriever Puppy для породы Лабрадор до 15 месяцев сух.,3050.00,3050.00,True
Самара,Т0023100,Корм для щенков ROYAL CANIN Labrador Retriever Puppy для породы Лабрадор до 15 месяцев сух.,11122.00,11122.00,True
Самара,Т0055161,Корм для собак ROYAL CANIN Size Medium Dermacomfort для средних пород с чувствительной кожей сух.,3166.00,3166.00,True
Самара,Т00008805,Корм для собак ROYAL CANIN Labrador Retriever 30 для породы Лабрадор старше 15 месяцев сух.,2898.00,2898.00,True
Самара,Т00008804,Корм для собак ROYAL CANIN Labrador Retriever 30 для породы Лабрадор старше 15 месяцев сух.,10698.00,10698.00,True
Самара,ПР0050010,Корм для собак ROYAL CANIN Size Mini Sterilised сух.,3478.00,3478.00,True
Самара,ПР0056352,Корм для собак ROYAL CANIN Size Maxi Digestive Care для крупных пород с чувствительным пищеварением сух.,3098.00,3098.00,True
Самара,Т0023110,Корм для собак ROYAL CANIN Bulldog Adult для породы бульдог от 12 месяцев сух.,2954.00,2954.00,True
Самара,Т0038589,Корм для собак ROYAL CANIN Golden Retriever для породы голден ретривер от 15 месяцев сух.,2892.00,2892.00,True
Самара,Т0038813,Корм для собак ROYAL CANIN Golden Retriever для породы голден ретривер от 15 месяцев сух.,10738.00,10738.00,True
Самара,ПР0033058,Корм для собак EUKANUBA Adult Toy Breed для миниатюрных пород сух.,428.00,428.00,True
Самара,ПР0029431,Корм для собак EUKANUBA Adult Toy Breed для миниатюрных пород сух.,1198.00,1198.00,True
Самара,ПР0055339,Корм для собак EUKANUBA Adult Toy Breed для миниатюрных пород сух.,2548.00,2548.00,True
Самара,ПР0042526,"Корм для собак PRO PLAN Opti digest для крупных пород с чувствит.пищеварением, с ягненком сух.",2108.00,2108.00,True
Самара,Т00008704,Корм для собак ROYAL CANIN Dashshund Adult для породы такса от 10 месяцев сух.,1630.00,1630.00,True
Самара,ПР0033544,Корм для щенков EUKANUBA для миниатюрных пород сух.,468.00,468.00,True
Самара,Т0041569,Корм для собак EUKANUBA Dog Yorkshire Terrier для породы Йоркширский терьер от 1 года сух.,1931.00,1931.00,True
Самара,ПР0039630,"Корм для собак PRO PLAN Opti derma для крупных пород, с лососем сух.",10700.00,10700.00,True
Самара,ПР0031201,Корм для собак MONGE для крупных пород сух.,2358.00,2358.00,True
Самара,ПР0045010,"Корм для собак EUKANUBA Немецкая Овчарка, курица сух.",7640.00,7640.00,True
Самара,Т00007573,Корм для собак CHAPPI Мясное изобилие сух.,628.00,628.00,True
Самара,ПР0061784,"Корм для собак ELATO Holistic для мелких пород, курица с уткой сух.",988.00,988.00,True
Самара,ПР0061787,"Корм для собак ELATO Holistic для мелких пород, курица с уткой сух.",3240.00,3240.00,True
Самара,ПР0023098,"Корм для собак PRO PLAN Duo delice для средних и крупных пород, с говядиной сух.",1808.00,1808.00,True
Самара,ПР0023393,"Корм для собак PRO PLAN Duo delice для средних и крупных пород, с говядиной сух.",6168.00,6168.00,True
Самара,ПР0045550,"Корм для собак NATURE'S TABLE для мелких пород, курица с рисом сух.",358.00,358.00,True
Самара,ПР0063643,"Корм для собак NATURE'S TABLE для мелких пород, курица с рисом сух.",1298.00,1298.00,True
Самара,ПР0063573,"Корм для собак NATURE'S TABLE для мелких пород, курица с рисом сух.",3470.00,3470.00,True
Самара,ПР0029582,Корм для собак PEDIGREE для всех пород говядина сух.,4688.00,4688.00,True
Самара,ПР0061782,"Корм для собак ELATO Holistic для мелких пород, ягненок с олениной сух.",1030.00,1030.00,True
Самара,ПР0061786,"Корм для собак ELATO Holistic для мелких пород, ягненок с олениной сух.",3340.00,3340.00,True
Самара,ПР0067662,"Корм для собак PREMIER Dog для средних пород, свежее мясо ягненка с индейкой сух.",928.00,928.00,True
Самара,ПР0067663,"Корм для собак PREMIER Dog для средних пород, свежее мясо ягненка с индейкой сух.",2198.00,2198.00,True
Самара,ПР0068311,"Корм для собак PREMIER Dog для средних пород, свежее мясо ягненка с индейкой сух.",5898.00,5898.00,True
Самара,Т00002989,"Корм для щенков HILL'S Science Plan для крупных пород, курица сух.",2510.00,2510.00,True
Самара,Т0045131,"Корм для собак PEDIGREE говядина, рис, овощи сух.",228.00,228.00,True
Самара,Т0041166,"Корм для собак PEDIGREE говядина, рис, овощи сух.",728.00,728.00,True
Самара,ПР0059693,"Корм для собак PURINA ONE Mini для активных, с курицей и рисом сух.",755.00,755.00,True
Самара,ПР0069691,"Корм для собак LEO&LUCY для мелких пород, ягненок с травами и биодобавками сух.",888.00,888.00,True
Самара,ПР0069698,"Корм для собак LEO&LUCY для мелких пород, ягненок с травами и биодобавками сух.",1698.00,1698.00,True
Самара,ПР0069701,"Корм для собак LEO&LUCY для мелких пород, ягненок с травами и биодобавками сух.",4675.00,4675.00,True
Самара,ПР0059695,"Корм для собак PURINA ONE Mini для склонных к полноте, с индейкой и рисом сух.",755.00,755.00,True
Самара,ПР0070590,"Корм для собак AWARD для мелк.и миниат.пород, ягненок с индейкой с доб.брокколи и брусники сух.",618.00,618.00,True
Самара,ПР0070589,"Корм для собак AWARD для мелк.и миниат.пород, ягненок с индейкой с доб.брокколи и брусники сух.",988.00,988.00,True
Самара,ПР0072560,"Корм для собак MORE для мелких пород, с ягненком сух.",599.00,599.00,True
Самара,ПР0072561,"Корм для собак MORE для мелких пород, с ягненком сух.",1899.00,1519.2,True
Самара,Т00008701,Корм для собак ROYAL CANIN Mini Adult 8+ для мелких пород (до 10кг) старше 8 лет сух.,1806.00,1806.00,True
Самара,ПР0065499,"Корм для собак PRO DOG для средних пород для поддержания оптимального веса, индейка сух.",1274.00,1274.00,True
Самара,ПР0065503,"Корм для собак PRO DOG для средних пород для поддержания оптимального веса, индейка сух.",4784.00,4784.00,True
Самара,ПР0042247,"Корм для собак PERFECT FIT для средних и крупных пород, курица сух.",1848.00,1293.6,True
Самара,ПР0072556,"Корм для щенков MORE для мелких пород, с ягненком сух.",599.00,599.00,True
Самара,ПР0072557,"Корм для щенков MORE для мелких пород, с ягненком сух.",1899.00,1519.2,True
Самара,ПР0072566,"Корм для собак MORE для мелких пород, с рыбой сух.",599.00,599.00,True
Самара,ПР0072567,"Корм для собак MORE для мелких пород, с рыбой сух.",1899.00,1519.2,True
Самара,ПР0065095,"Корм для собак SIRIUS для средних пород, индейка с уткой сух.",5982.00,5982.00,True
Самара,ПР0056351,Корм для собак ROYAL CANIN Mini Adult 8+ для мелких пород (до 10кг) старше 8 лет сух.,3648.00,3648.00,True
Самара,ПР0042249,"Корм для собак PERFECT FIT для мелких и миниатюрных пород, курица сух.",398.00,278.6,True
Самара,ПР0042258,"Корм для собак PERFECT FIT для мелких и миниатюрных пород, курица сух.",4058.00,2840.6,True
Самара,ПР0065087,Корм для собак SIRIUS ягненок и рис сух.,985.00,985.00,True
Самара,ПР0065093,Корм для собак SIRIUS ягненок и рис сух.,6486.00,6486.00,True
Самара,ПР0071270,"Корм для щенков CRAFTIA Natura для миниатюрных и мелких пород, из ягненка с перепелкой сух.",988.00,988.00,True
Самара,ПР0071269,"Корм для щенков CRAFTIA Natura для миниатюрных и мелких пород, из ягненка с перепелкой сух.",2658.00,2658.00,True
Самара,ПР0071271,"Корм для щенков CRAFTIA Natura для миниатюрных и мелких пород, из ягненка с перепелкой сух.",7828.00,7828.00,True
Самара,ПР0064162,"Корм для собак МИРАТОРГ для средних пород, говядина Black Angus  сух.",1128.00,902.4,True
Самара,ПР0050201,Корм для собак FARMINA N&D Ancestral Grain Line для мелких пород курица с гранатом сух.,1780.00,1780.00,True
Самара,ПР0071256,"Корм для собак CRAFTIA Natura для средних и крупных пород, из курицы и индейки сух.",958.00,958.00,True
Самара,ПР0071255,"Корм для собак CRAFTIA Natura для средних и крупных пород, из курицы и индейки сух.",2668.00,2668.00,True
Самара,ПР0071257,"Корм для собак CRAFTIA Natura для средних и крупных пород, из курицы и индейки сух.",6338.00,6338.00,True
Самара,ПР0069690,"Корм для собак LEO&LUCY для мелких пород, телятина с яблоком и биодобавками сух.",888.00,888.00,True
Самара,ПР0069697,"Корм для собак LEO&LUCY для мелких пород, телятина с яблоком и биодобавками сух.",1698.00,1698.00,True
Самара,ПР0069700,"Корм для собак LEO&LUCY для мелких пород, телятина с яблоком и биодобавками сух.",4675.00,4675.00,True
Самара,Т0045136,"Корм для собак PEDIGREE для мелких пород говядина, рис, овощи сух.",248.00,248.00,True
Самара,Т0041167,"Корм для собак PEDIGREE для мелких пород говядина, рис, овощи сух.",728.00,728.00,True
Самара,ПР0065494,"Корм для собак PRO DOG для мелких пород для поддержания оптимального веса, индейка сух.",285.00,285.00,True
Самара,ПР0065496,"Корм для собак PRO DOG для мелких пород для поддержания оптимального веса, индейка сух.",764.00,764.00,True
Самара,Т00007538,"Корм для собак PEDIGREE для крупных пород говядина, овощи сух.",4538.00,4538.00,True
Самара,ПР0065086,"Корм для собак SIRIUS для малых пород, индейка сух.",985.00,985.00,True
Самара,ПР0065090,"Корм для собак SIRIUS для малых пород, индейка сух.",3880.00,3880.00,True
Самара,ПР0065497,"Корм для щенков PRO DOG для здорового роста и энергии, индейка сух.",1274.00,1274.00,True
Самара,ПР0069696,Корм для щенков LEO&LUCY мясное ассорти с овощами и биодобавками сух.,1698.00,1698.00,True
Самара,ПР0069699,Корм для щенков LEO&LUCY мясное ассорти с овощами и биодобавками сух.,4675.00,4675.00,True
Самара,ПР0069711,Корм для щенков LEO&LUCY мясное ассорти с овощами и биодобавками сух.,11248.00,11248.00,True
Самара,ПР0064377,"Корм для собак PURINA ONE Adult для средних и крупных пород, с ягненком и рисом сух.",4790.00,4790.00,True
Самара,ПР0064164,"Корм для собак МИРАТОРГ для крупных пород, говядина Black Angus  сух.",1128.00,902.4,True
Самара,ПР0072562,"Корм для собак MORE для мелких пород, с уткой сух.",599.00,599.00,True
Самара,ПР0072563,"Корм для собак MORE для мелких пород, с уткой сух.",1899.00,1519.2,True
Самара,ПР0071265,"Корм для собак CRAFTIA Natura для средних и крупных пород, из ягненка с перепелкой сух.",908.00,908.00,True
Самара,ПР0071264,"Корм для собак CRAFTIA Natura для средних и крупных пород, из ягненка с перепелкой сух.",2458.00,2458.00,True
Самара,ПР0071266,"Корм для собак CRAFTIA Natura для средних и крупных пород, из ягненка с перепелкой сух.",7158.00,7158.00,True
Самара,ПР0065096,"Корм для собак SIRIUS с повышенной активностью, три мяса с овощами сух.",6456.00,6456.00,True
Самара,ПР0072564,"Корм для собак MORE для мелких пород, с кроликом сух.",599.00,599.00,True
Самара,ПР0072565,"Корм для собак MORE для мелких пород, с кроликом сух.",1899.00,1519.2,True
Самара,ПР0065085,"Корм для собак SIRIUS для малых пород, говядина сух.",985.00,985.00,True
Самара,ПР0065089,"Корм для собак SIRIUS для малых пород, говядина сух.",4000.00,4000.00,True
Самара,ПР0067664,"Корм для собак PREMIER Dog для средних пород, свежее филе лосося с индейкой сух.",928.00,928.00,True
Самара,ПР0067665,"Корм для собак PREMIER Dog для средних пород, свежее филе лосося с индейкой сух.",2198.00,2198.00,True
Самара,ПР0068312,"Корм для собак PREMIER Dog для средних пород, свежее филе лосося с индейкой сух.",5898.00,5898.00,True
Самара,ПР0029581,Корм для щенков PEDIGREE для всех пород сух.,248.00,248.00,True
Самара,ПР0071253,"Корм для собак CRAFTIA Natura для миниатюрных и мелких пород, из курицы и индейки сух.",978.00,978.00,True
Самара,ПР0071252,"Корм для собак CRAFTIA Natura для миниатюрных и мелких пород, из курицы и индейки сух.",2718.00,2718.00,True
Самара,ПР0071254,"Корм для собак CRAFTIA Natura для миниатюрных и мелких пород, из курицы и индейки сух.",6468.00,6468.00,True
Самара,ПР0045553,Корм для собак NATURE'S TABLE индейка с овощами сух.,538.00,538.00,True
Самара,ПР0045554,Корм для собак NATURE'S TABLE индейка с овощами сух.,1238.00,1238.00,True
Самара,ПР0068042,"Корм для собак PROLIFE для пожилых средних и крупных пород, белая рыба с рисом сух.",998.00,998.00,True
Самара,ПР0065091,Корм для щенков и молодых собак SIRIUS ягненок с рисом сух.,6787.00,5768.95,True
Самара,ПР0065493,"Корм для собак PRO DOG для мелких пород с чувствительным пищеварением, ягненок сух.",285.00,285.00,True
Самара,ПР0065495,"Корм для собак PRO DOG для мелких пород с чувствительным пищеварением, ягненок сух.",764.00,764.00,True
Самара,ПР0065500,"Корм для собак PRO DOG для крупных пород с чувствительным пищеварением, ягненок сух.",1274.00,1274.00,True
Самара,ПР0065504,"Корм для собак PRO DOG для крупных пород с чувствительным пищеварением, ягненок сух.",4682.00,4682.00,True
Самара,ПР0068057,"Корм для собак PROLIFE беззерновой для средних и крупных пород с чувствительным пищеварением, камбала с картофелем сух.",1298.00,1298.00,True
Самара,ПР0068058,"Корм для собак PROLIFE беззерновой для средних и крупных пород с чувствительным пищеварением, камбала с картофелем сух.",4028.00,4028.00,True
Самара,ПР0042250,"Корм для щенков PERFECT FIT для мелких и миниатюрных пород, курица сух.",398.00,278.6,True
Самара,ПР0068038,"Корм для собак PROLIFE для средних и крупных пород с избыточным весом, треска с рисом сух.",1148.00,1148.00,True
Самара,ПР0068039,"Корм для собак PROLIFE для средних и крупных пород с избыточным весом, треска с рисом сух.",4028.00,4028.00,True
Самара,ПР0064161,"Корм для собак МИРАТОРГ для мелких пород, говядина Black Angus сух.",328.00,278.8,True
Самара,ПР0071279,"Корм для щенков CRAFTIA Natura для средних и крупных пород, из ягненка с перепелкой сух.",1028.00,1028.00,True
Самара,ПР0071278,"Корм для щенков CRAFTIA Natura для средних и крупных пород, из ягненка с перепелкой сух.",2718.00,2718.00,True
Самара,ПР0071280,"Корм для щенков CRAFTIA Natura для средних и крупных пород, из ягненка с перепелкой сух.",8198.00,8198.00,True
Самара,ПР0072678,"Корм для собак CRAFTIA Natura для миниатюрных и мелких пород, утка с фазаном сух.",988.00,988.00,True
Самара,ПР0072677,"Корм для собак CRAFTIA Natura для миниатюрных и мелких пород, утка с фазаном сух.",2788.00,2788.00,True
Самара,ПР0072679,"Корм для собак CRAFTIA Natura для миниатюрных и мелких пород, утка с фазаном сух.",8137.00,8137.00,True
Самара,ПР0071273,"Корм для щенков CRAFTIA Natura для средних и крупных пород, из курицы и индейки сух.",958.00,958.00,True
Самара,ПР0071272,"Корм для щенков CRAFTIA Natura для средних и крупных пород, из курицы и индейки сух.",2478.00,2478.00,True
Самара,ПР0071274,"Корм для щенков CRAFTIA Natura для средних и крупных пород, из курицы и индейки сух.",6898.00,6898.00,True
Самара,ПР0061783,"Корм для щенков ELATO Holistic для мелких пород, курица с уткой сух.",808.00,808.00,True
Самара,ПР0070593,"Корм для щенков от 1мес,берем.и корм.собак AWARD мелк.и мин.пор., ягн.с инд.,брокк.и брусн.сух.",678.00,678.00,True
Самара,ПР0070592,"Корм для щенков от 1мес,берем.и корм.собак AWARD мелк.и мин.пор., ягн.с инд.,брокк.и брусн.сух.",1038.00,1038.00,True
Самара,ПР0071276,"Корм для щенков CRAFTIA Natura для средних и крупных пород, из лосося и сельди сух.",1018.00,1018.00,True
Самара,ПР0071275,"Корм для щенков CRAFTIA Natura для средних и крупных пород, из лосося и сельди сух.",2758.00,2758.00,True
Самара,ПР0071277,"Корм для щенков CRAFTIA Natura для средних и крупных пород, из лосося и сельди сух.",8188.00,8188.00,True
Самара,ПР0072893,"Корм для собак ЗООГУРМАН Ferma Hypoallergenic для мелк.и средн.пород,индейка с моно белком сух.",1330.00,931,True
Самара,ПР0072895,"Корм для собак ЗООГУРМАН Ferma Digestion для мелк.и средних пород, белая рыба с картофелем сух.",1390.00,973,True
Самара,ПР0065098,"Корм для собак SIRIUS для крупных пород, индейка с овощами сух.",985.00,985.00,True
Самара,ПР0065094,"Корм для собак SIRIUS для крупных пород, индейка с овощами сух.",5150.00,5150.00,True
Самара,ПР0065501,"Корм для собак PRO DOG для крупных пород с нормальной активностью, курица сух.",1274.00,1274.00,True
Самара,ПР0065505,"Корм для собак PRO DOG для крупных пород с нормальной активностью, курица сух.",4682.00,4682.00,True
Самара,ПР0042248,"Корм для собак PERFECT FIT для мелких и миниатюрных пород, курица сух.",1848.00,1293.6,True
Самара,ПР0069982,"Корм для собак ДЕРЕВЕНСКИЕ ЛАКОМСТВА Холистик Премьер для мелких пород, ягненок с рисом сух.",1050.00,1050.00,True
Самара,ПР0069983,"Корм для собак ДЕРЕВЕНСКИЕ ЛАКОМСТВА Холистик Премьер для мелких пород, ягненок с рисом сух.",2625.00,2625.00,True
Самара,ПР0070036,"Корм для собак ДЕРЕВЕНСКИЕ ЛАКОМСТВА Холистик Премьер для мелких пород, ягненок с рисом сух.",5590.00,5590.00,True
Самара,ПР0069162,"Корм для собак BLUENATIVE для мелких пород, кролик сух.",759.00,759.00,True
Самара,ПР0069165,"Корм для собак BLUENATIVE для мелких пород, кролик сух.",2415.00,2415.00,True
Самара,ПР0069704,"Корм для собак LEO&LUCY для крупных пород, ягненок с яблоком и биодобавкам сух.",4675.00,4675.00,True
Самара,ПР0069713,"Корм для собак LEO&LUCY для крупных пород, ягненок с яблоком и биодобавкам сух.",11248.00,11248.00,True
